filename,object_location,image_small,image_thumb
210a.jpg,/objects/210a.jpg,/objects/small/210a_sm.jpg,/objects/thumbs/210a_th.jpg
210b.jpg,/objects/210b.jpg,/objects/small/210b_sm.jpg,/objects/thumbs/210b_th.jpg
WIHWWII1940-45_20240901_0001.jpg,/objects/WIHWWII1940-45_20240901_0001.jpg,/objects/small/wihwwii1940-45_20240901_0001_sm.jpg,/objects/thumbs/wihwwii1940-45_20240901_0001_th.jpg
WIHWWII1940-45_20240901_0002.jpg,/objects/WIHWWII1940-45_20240901_0002.jpg,/objects/small/wihwwii1940-45_20240901_0002_sm.jpg,/objects/thumbs/wihwwii1940-45_20240901_0002_th.jpg
WIHWWII1940-45_20240901_0003.jpg,/objects/WIHWWII1940-45_20240901_0003.jpg,/objects/small/wihwwii1940-45_20240901_0003_sm.jpg,/objects/thumbs/wihwwii1940-45_20240901_0003_th.jpg
WIHWWII1940-45_20240901_0004.jpg,/objects/WIHWWII1940-45_20240901_0004.jpg,/objects/small/wihwwii1940-45_20240901_0004_sm.jpg,/objects/thumbs/wihwwii1940-45_20240901_0004_th.jpg
WIHWWII1940-45_20240901_0005.jpg,/objects/WIHWWII1940-45_20240901_0005.jpg,/objects/small/wihwwii1940-45_20240901_0005_sm.jpg,/objects/thumbs/wihwwii1940-45_20240901_0005_th.jpg
WIHWWII1940-45_20240901_0006.jpg,/objects/WIHWWII1940-45_20240901_0006.jpg,/objects/small/wihwwii1940-45_20240901_0006_sm.jpg,/objects/thumbs/wihwwii1940-45_20240901_0006_th.jpg
WIHWWII1940-45_20240901_0007.jpg,/objects/WIHWWII1940-45_20240901_0007.jpg,/objects/small/wihwwii1940-45_20240901_0007_sm.jpg,/objects/thumbs/wihwwii1940-45_20240901_0007_th.jpg
WIHWWII1940-45_20240901_0008.jpg,/objects/WIHWWII1940-45_20240901_0008.jpg,/objects/small/wihwwii1940-45_20240901_0008_sm.jpg,/objects/thumbs/wihwwii1940-45_20240901_0008_th.jpg
WIHWWII1940-45_20240901_0009.jpg,/objects/WIHWWII1940-45_20240901_0009.jpg,/objects/small/wihwwii1940-45_20240901_0009_sm.jpg,/objects/thumbs/wihwwii1940-45_20240901_0009_th.jpg
WIHWWII1940-45_20240901_0010.jpg,/objects/WIHWWII1940-45_20240901_0010.jpg,/objects/small/wihwwii1940-45_20240901_0010_sm.jpg,/objects/thumbs/wihwwii1940-45_20240901_0010_th.jpg
WIHWWII1940-45_20240901_0011.jpg,/objects/WIHWWII1940-45_20240901_0011.jpg,/objects/small/wihwwii1940-45_20240901_0011_sm.jpg,/objects/thumbs/wihwwii1940-45_20240901_0011_th.jpg
WIHWWII1940-45_20240901_0012.jpg,/objects/WIHWWII1940-45_20240901_0012.jpg,/objects/small/wihwwii1940-45_20240901_0012_sm.jpg,/objects/thumbs/wihwwii1940-45_20240901_0012_th.jpg
WIHWWII1940-45_20240901_0013.jpg,/objects/WIHWWII1940-45_20240901_0013.jpg,/objects/small/wihwwii1940-45_20240901_0013_sm.jpg,/objects/thumbs/wihwwii1940-45_20240901_0013_th.jpg
WIHWWII1940-45_20240901_0014.jpg,/objects/WIHWWII1940-45_20240901_0014.jpg,/objects/small/wihwwii1940-45_20240901_0014_sm.jpg,/objects/thumbs/wihwwii1940-45_20240901_0014_th.jpg
WIHWWII1940-45_20240901_0015.jpg,/objects/WIHWWII1940-45_20240901_0015.jpg,/objects/small/wihwwii1940-45_20240901_0015_sm.jpg,/objects/thumbs/wihwwii1940-45_20240901_0015_th.jpg
WIHWWII1940-45_20240901_0016.jpg,/objects/WIHWWII1940-45_20240901_0016.jpg,/objects/small/wihwwii1940-45_20240901_0016_sm.jpg,/objects/thumbs/wihwwii1940-45_20240901_0016_th.jpg
WIHWWII1940-45_20240901_0017.jpg,/objects/WIHWWII1940-45_20240901_0017.jpg,/objects/small/wihwwii1940-45_20240901_0017_sm.jpg,/objects/thumbs/wihwwii1940-45_20240901_0017_th.jpg
WIHWWII1940-45_20240901_0018.jpg,/objects/WIHWWII1940-45_20240901_0018.jpg,/objects/small/wihwwii1940-45_20240901_0018_sm.jpg,/objects/thumbs/wihwwii1940-45_20240901_0018_th.jpg
WIHWWII1940-45_20240901_0019.jpg,/objects/WIHWWII1940-45_20240901_0019.jpg,/objects/small/wihwwii1940-45_20240901_0019_sm.jpg,/objects/thumbs/wihwwii1940-45_20240901_0019_th.jpg
WIHWWII1940-45_20240901_0020.jpg,/objects/WIHWWII1940-45_20240901_0020.jpg,/objects/small/wihwwii1940-45_20240901_0020_sm.jpg,/objects/thumbs/wihwwii1940-45_20240901_0020_th.jpg
WIHWWII1940-45_20240901_0021.jpg,/objects/WIHWWII1940-45_20240901_0021.jpg,/objects/small/wihwwii1940-45_20240901_0021_sm.jpg,/objects/thumbs/wihwwii1940-45_20240901_0021_th.jpg
WIHWWII1940-45_20240901_0022.jpg,/objects/WIHWWII1940-45_20240901_0022.jpg,/objects/small/wihwwii1940-45_20240901_0022_sm.jpg,/objects/thumbs/wihwwii1940-45_20240901_0022_th.jpg
WIHWWII1940-45_20240901_0023.jpg,/objects/WIHWWII1940-45_20240901_0023.jpg,/objects/small/wihwwii1940-45_20240901_0023_sm.jpg,/objects/thumbs/wihwwii1940-45_20240901_0023_th.jpg
WIHWWII1940-45_20240901_0024.jpg,/objects/WIHWWII1940-45_20240901_0024.jpg,/objects/small/wihwwii1940-45_20240901_0024_sm.jpg,/objects/thumbs/wihwwii1940-45_20240901_0024_th.jpg
WIHWWII1940-45_20240901_0025.jpg,/objects/WIHWWII1940-45_20240901_0025.jpg,/objects/small/wihwwii1940-45_20240901_0025_sm.jpg,/objects/thumbs/wihwwii1940-45_20240901_0025_th.jpg
WIHWWII1940-45_20240901_0026.jpg,/objects/WIHWWII1940-45_20240901_0026.jpg,/objects/small/wihwwii1940-45_20240901_0026_sm.jpg,/objects/thumbs/wihwwii1940-45_20240901_0026_th.jpg
WIHWWII1940-45_20240901_0027.jpg,/objects/WIHWWII1940-45_20240901_0027.jpg,/objects/small/wihwwii1940-45_20240901_0027_sm.jpg,/objects/thumbs/wihwwii1940-45_20240901_0027_th.jpg
WIHWWII1940-45_20240901_0028.jpg,/objects/WIHWWII1940-45_20240901_0028.jpg,/objects/small/wihwwii1940-45_20240901_0028_sm.jpg,/objects/thumbs/wihwwii1940-45_20240901_0028_th.jpg
WIHWWII1940-45_20240901_0029.jpg,/objects/WIHWWII1940-45_20240901_0029.jpg,/objects/small/wihwwii1940-45_20240901_0029_sm.jpg,/objects/thumbs/wihwwii1940-45_20240901_0029_th.jpg
WIHWWII1940-45_20240901_0030.jpg,/objects/WIHWWII1940-45_20240901_0030.jpg,/objects/small/wihwwii1940-45_20240901_0030_sm.jpg,/objects/thumbs/wihwwii1940-45_20240901_0030_th.jpg
WIHWWII1940-45_20240901_0031.jpg,/objects/WIHWWII1940-45_20240901_0031.jpg,/objects/small/wihwwii1940-45_20240901_0031_sm.jpg,/objects/thumbs/wihwwii1940-45_20240901_0031_th.jpg
WIHWWII1940-45_20240901_0032.jpg,/objects/WIHWWII1940-45_20240901_0032.jpg,/objects/small/wihwwii1940-45_20240901_0032_sm.jpg,/objects/thumbs/wihwwii1940-45_20240901_0032_th.jpg
WIHWWII1940-45_20240901_0033.pdf,/objects/WIHWWII1940-45_20240901_0033.pdf,/objects/small/wihwwii1940-45_20240901_0033_sm.jpg,/objects/thumbs/wihwwii1940-45_20240901_0033_th.jpg
WIHWWII1940-45_20240901_0034.mp3,/objects/WIHWWII1940-45_20240901_0034.mp3,,
WIHWWII1940-45_20240901_0035.pdf,/objects/WIHWWII1940-45_20240901_0035.pdf,/objects/small/wihwwii1940-45_20240901_0035_sm.jpg,/objects/thumbs/wihwwii1940-45_20240901_0035_th.jpg
WIHWWII1940-45_20240901_0036.pdf,/objects/WIHWWII1940-45_20240901_0036.pdf,/objects/small/wihwwii1940-45_20240901_0036_sm.jpg,/objects/thumbs/wihwwii1940-45_20240901_0036_th.jpg
WIHWWII1940-45_20240901_0037.pdf,/objects/WIHWWII1940-45_20240901_0037.pdf,/objects/small/wihwwii1940-45_20240901_0037_sm.jpg,/objects/thumbs/wihwwii1940-45_20240901_0037_th.jpg
WIHWWII1940-45_20240901_0038.pdf,/objects/WIHWWII1940-45_20240901_0038.pdf,/objects/small/wihwwii1940-45_20240901_0038_sm.jpg,/objects/thumbs/wihwwii1940-45_20240901_0038_th.jpg
WIHWWII1940-45_20240901_0039.pdf,/objects/WIHWWII1940-45_20240901_0039.pdf,/objects/small/wihwwii1940-45_20240901_0039_sm.jpg,/objects/thumbs/wihwwii1940-45_20240901_0039_th.jpg
WIHWWII1940_20240831_0001.jpg,/objects/WIHWWII1940_20240831_0001.jpg,/objects/small/wihwwii1940_20240831_0001_sm.jpg,/objects/thumbs/wihwwii1940_20240831_0001_th.jpg
WIHWWII1940_20240831_0002.jpg,/objects/WIHWWII1940_20240831_0002.jpg,/objects/small/wihwwii1940_20240831_0002_sm.jpg,/objects/thumbs/wihwwii1940_20240831_0002_th.jpg
WIHWWII1940_20240831_0003.jpg,/objects/WIHWWII1940_20240831_0003.jpg,/objects/small/wihwwii1940_20240831_0003_sm.jpg,/objects/thumbs/wihwwii1940_20240831_0003_th.jpg
WIHWWII1940_20240831_0004.jpg,/objects/WIHWWII1940_20240831_0004.jpg,/objects/small/wihwwii1940_20240831_0004_sm.jpg,/objects/thumbs/wihwwii1940_20240831_0004_th.jpg
WIHWWII1940_20240831_0005.jpg,/objects/WIHWWII1940_20240831_0005.jpg,/objects/small/wihwwii1940_20240831_0005_sm.jpg,/objects/thumbs/wihwwii1940_20240831_0005_th.jpg
WIHWWII1940_20240831_0006.jpg,/objects/WIHWWII1940_20240831_0006.jpg,/objects/small/wihwwii1940_20240831_0006_sm.jpg,/objects/thumbs/wihwwii1940_20240831_0006_th.jpg
WIHWWII1940_20240831_0007.jpg,/objects/WIHWWII1940_20240831_0007.jpg,/objects/small/wihwwii1940_20240831_0007_sm.jpg,/objects/thumbs/wihwwii1940_20240831_0007_th.jpg
WIHWWII1940_20240831_0008.jpg,/objects/WIHWWII1940_20240831_0008.jpg,/objects/small/wihwwii1940_20240831_0008_sm.jpg,/objects/thumbs/wihwwii1940_20240831_0008_th.jpg
WIHWWII1940_20240831_0009.jpg,/objects/WIHWWII1940_20240831_0009.jpg,/objects/small/wihwwii1940_20240831_0009_sm.jpg,/objects/thumbs/wihwwii1940_20240831_0009_th.jpg
WIHWWII1940_20240831_0010.jpg,/objects/WIHWWII1940_20240831_0010.jpg,/objects/small/wihwwii1940_20240831_0010_sm.jpg,/objects/thumbs/wihwwii1940_20240831_0010_th.jpg
WIHWWII1940_20240831_0011.jpg,/objects/WIHWWII1940_20240831_0011.jpg,/objects/small/wihwwii1940_20240831_0011_sm.jpg,/objects/thumbs/wihwwii1940_20240831_0011_th.jpg
WIHWWII1940_20240831_0012.jpg,/objects/WIHWWII1940_20240831_0012.jpg,/objects/small/wihwwii1940_20240831_0012_sm.jpg,/objects/thumbs/wihwwii1940_20240831_0012_th.jpg
WIHWWII1940_20240831_0013.jpg,/objects/WIHWWII1940_20240831_0013.jpg,/objects/small/wihwwii1940_20240831_0013_sm.jpg,/objects/thumbs/wihwwii1940_20240831_0013_th.jpg
WIHWWII1940_20240831_0014.jpg,/objects/WIHWWII1940_20240831_0014.jpg,/objects/small/wihwwii1940_20240831_0014_sm.jpg,/objects/thumbs/wihwwii1940_20240831_0014_th.jpg
WIHWWII1940_20240831_0015.jpg,/objects/WIHWWII1940_20240831_0015.jpg,/objects/small/wihwwii1940_20240831_0015_sm.jpg,/objects/thumbs/wihwwii1940_20240831_0015_th.jpg
WIHWWII1940_20240831_0016.jpg,/objects/WIHWWII1940_20240831_0016.jpg,/objects/small/wihwwii1940_20240831_0016_sm.jpg,/objects/thumbs/wihwwii1940_20240831_0016_th.jpg
WIHWWII1940_20240831_0017.jpg,/objects/WIHWWII1940_20240831_0017.jpg,/objects/small/wihwwii1940_20240831_0017_sm.jpg,/objects/thumbs/wihwwii1940_20240831_0017_th.jpg
WIHWWII1940_20240831_0018.jpg,/objects/WIHWWII1940_20240831_0018.jpg,/objects/small/wihwwii1940_20240831_0018_sm.jpg,/objects/thumbs/wihwwii1940_20240831_0018_th.jpg
WIHWWII1940_20240831_0019.jpg,/objects/WIHWWII1940_20240831_0019.jpg,/objects/small/wihwwii1940_20240831_0019_sm.jpg,/objects/thumbs/wihwwii1940_20240831_0019_th.jpg
WIHWWII1940_20240831_0020.jpg,/objects/WIHWWII1940_20240831_0020.jpg,/objects/small/wihwwii1940_20240831_0020_sm.jpg,/objects/thumbs/wihwwii1940_20240831_0020_th.jpg
WIHWWII1940_20240831_0021.jpg,/objects/WIHWWII1940_20240831_0021.jpg,/objects/small/wihwwii1940_20240831_0021_sm.jpg,/objects/thumbs/wihwwii1940_20240831_0021_th.jpg
WIHWWII1940_20240831_0022.jpg,/objects/WIHWWII1940_20240831_0022.jpg,/objects/small/wihwwii1940_20240831_0022_sm.jpg,/objects/thumbs/wihwwii1940_20240831_0022_th.jpg
WIHWWII1940_20240831_0023.jpg,/objects/WIHWWII1940_20240831_0023.jpg,/objects/small/wihwwii1940_20240831_0023_sm.jpg,/objects/thumbs/wihwwii1940_20240831_0023_th.jpg
WIHWWII1940_20240831_0024.jpg,/objects/WIHWWII1940_20240831_0024.jpg,/objects/small/wihwwii1940_20240831_0024_sm.jpg,/objects/thumbs/wihwwii1940_20240831_0024_th.jpg
WIHWWII1940_20240831_0025.jpg,/objects/WIHWWII1940_20240831_0025.jpg,/objects/small/wihwwii1940_20240831_0025_sm.jpg,/objects/thumbs/wihwwii1940_20240831_0025_th.jpg
WIHWWII1940_20240831_0026.jpg,/objects/WIHWWII1940_20240831_0026.jpg,/objects/small/wihwwii1940_20240831_0026_sm.jpg,/objects/thumbs/wihwwii1940_20240831_0026_th.jpg
WIHWWII1940_20240831_0027.jpg,/objects/WIHWWII1940_20240831_0027.jpg,/objects/small/wihwwii1940_20240831_0027_sm.jpg,/objects/thumbs/wihwwii1940_20240831_0027_th.jpg
WIHWWII1940_20240831_0028.jpg,/objects/WIHWWII1940_20240831_0028.jpg,/objects/small/wihwwii1940_20240831_0028_sm.jpg,/objects/thumbs/wihwwii1940_20240831_0028_th.jpg
WIHWWII1940_20240831_0029.jpg,/objects/WIHWWII1940_20240831_0029.jpg,/objects/small/wihwwii1940_20240831_0029_sm.jpg,/objects/thumbs/wihwwii1940_20240831_0029_th.jpg
WIHWWII1940_20240831_0030.jpg,/objects/WIHWWII1940_20240831_0030.jpg,/objects/small/wihwwii1940_20240831_0030_sm.jpg,/objects/thumbs/wihwwii1940_20240831_0030_th.jpg
WIHWWII1940_20240831_0031.jpg,/objects/WIHWWII1940_20240831_0031.jpg,/objects/small/wihwwii1940_20240831_0031_sm.jpg,/objects/thumbs/wihwwii1940_20240831_0031_th.jpg
WIHWWII1940_20240831_0032.jpg,/objects/WIHWWII1940_20240831_0032.jpg,/objects/small/wihwwii1940_20240831_0032_sm.jpg,/objects/thumbs/wihwwii1940_20240831_0032_th.jpg
WIHWWII1940_20240831_0033.jpg,/objects/WIHWWII1940_20240831_0033.jpg,/objects/small/wihwwii1940_20240831_0033_sm.jpg,/objects/thumbs/wihwwii1940_20240831_0033_th.jpg
WIHWWII1940_20240831_0034.jpg,/objects/WIHWWII1940_20240831_0034.jpg,/objects/small/wihwwii1940_20240831_0034_sm.jpg,/objects/thumbs/wihwwii1940_20240831_0034_th.jpg
WIHWWII1940_20240831_0035.jpg,/objects/WIHWWII1940_20240831_0035.jpg,/objects/small/wihwwii1940_20240831_0035_sm.jpg,/objects/thumbs/wihwwii1940_20240831_0035_th.jpg
WIHWWII1940_20240831_0036.jpg,/objects/WIHWWII1940_20240831_0036.jpg,/objects/small/wihwwii1940_20240831_0036_sm.jpg,/objects/thumbs/wihwwii1940_20240831_0036_th.jpg
WIHWWII1940_20240831_0037.jpg,/objects/WIHWWII1940_20240831_0037.jpg,/objects/small/wihwwii1940_20240831_0037_sm.jpg,/objects/thumbs/wihwwii1940_20240831_0037_th.jpg
WIHWWII1940_20240831_0038.jpg,/objects/WIHWWII1940_20240831_0038.jpg,/objects/small/wihwwii1940_20240831_0038_sm.jpg,/objects/thumbs/wihwwii1940_20240831_0038_th.jpg
WIHWWII1940_20240831_0039.jpg,/objects/WIHWWII1940_20240831_0039.jpg,/objects/small/wihwwii1940_20240831_0039_sm.jpg,/objects/thumbs/wihwwii1940_20240831_0039_th.jpg
WIHWWII1940_20240831_0040.jpg,/objects/WIHWWII1940_20240831_0040.jpg,/objects/small/wihwwii1940_20240831_0040_sm.jpg,/objects/thumbs/wihwwii1940_20240831_0040_th.jpg
WIHWWII1940_20240831_0041.jpg,/objects/WIHWWII1940_20240831_0041.jpg,/objects/small/wihwwii1940_20240831_0041_sm.jpg,/objects/thumbs/wihwwii1940_20240831_0041_th.jpg
WIHWWII1940_20240831_0042.jpg,/objects/WIHWWII1940_20240831_0042.jpg,/objects/small/wihwwii1940_20240831_0042_sm.jpg,/objects/thumbs/wihwwii1940_20240831_0042_th.jpg
WIHWWII1940_20240831_0043.jpg,/objects/WIHWWII1940_20240831_0043.jpg,/objects/small/wihwwii1940_20240831_0043_sm.jpg,/objects/thumbs/wihwwii1940_20240831_0043_th.jpg
WIHWWII1940_20240831_0044.jpg,/objects/WIHWWII1940_20240831_0044.jpg,/objects/small/wihwwii1940_20240831_0044_sm.jpg,/objects/thumbs/wihwwii1940_20240831_0044_th.jpg
WIHWWII1940_20240831_0045.jpg,/objects/WIHWWII1940_20240831_0045.jpg,/objects/small/wihwwii1940_20240831_0045_sm.jpg,/objects/thumbs/wihwwii1940_20240831_0045_th.jpg
WIHWWII1940_20240831_0046.jpg,/objects/WIHWWII1940_20240831_0046.jpg,/objects/small/wihwwii1940_20240831_0046_sm.jpg,/objects/thumbs/wihwwii1940_20240831_0046_th.jpg
WIHWWII1940_20240831_0047.jpg,/objects/WIHWWII1940_20240831_0047.jpg,/objects/small/wihwwii1940_20240831_0047_sm.jpg,/objects/thumbs/wihwwii1940_20240831_0047_th.jpg
WIHWWII1940_20240831_0048.jpg,/objects/WIHWWII1940_20240831_0048.jpg,/objects/small/wihwwii1940_20240831_0048_sm.jpg,/objects/thumbs/wihwwii1940_20240831_0048_th.jpg
WIHWWII1940_20240831_0049.jpg,/objects/WIHWWII1940_20240831_0049.jpg,/objects/small/wihwwii1940_20240831_0049_sm.jpg,/objects/thumbs/wihwwii1940_20240831_0049_th.jpg
WIHWWII1940_20240831_0050.jpg,/objects/WIHWWII1940_20240831_0050.jpg,/objects/small/wihwwii1940_20240831_0050_sm.jpg,/objects/thumbs/wihwwii1940_20240831_0050_th.jpg
WIHWWII1940_20240831_0051.jpg,/objects/WIHWWII1940_20240831_0051.jpg,/objects/small/wihwwii1940_20240831_0051_sm.jpg,/objects/thumbs/wihwwii1940_20240831_0051_th.jpg
WIHWWII1940_20240831_0052.jpg,/objects/WIHWWII1940_20240831_0052.jpg,/objects/small/wihwwii1940_20240831_0052_sm.jpg,/objects/thumbs/wihwwii1940_20240831_0052_th.jpg
WIHWWII1940_20240831_0053.jpg,/objects/WIHWWII1940_20240831_0053.jpg,/objects/small/wihwwii1940_20240831_0053_sm.jpg,/objects/thumbs/wihwwii1940_20240831_0053_th.jpg
WIHWWII1940_20240831_0054.jpg,/objects/WIHWWII1940_20240831_0054.jpg,/objects/small/wihwwii1940_20240831_0054_sm.jpg,/objects/thumbs/wihwwii1940_20240831_0054_th.jpg
WIHWWII1940_20240831_0055.jpg,/objects/WIHWWII1940_20240831_0055.jpg,/objects/small/wihwwii1940_20240831_0055_sm.jpg,/objects/thumbs/wihwwii1940_20240831_0055_th.jpg
WIHWWII1940_20240831_0056.jpg,/objects/WIHWWII1940_20240831_0056.jpg,/objects/small/wihwwii1940_20240831_0056_sm.jpg,/objects/thumbs/wihwwii1940_20240831_0056_th.jpg
WIHWWII1940_20240831_0057.jpg,/objects/WIHWWII1940_20240831_0057.jpg,/objects/small/wihwwii1940_20240831_0057_sm.jpg,/objects/thumbs/wihwwii1940_20240831_0057_th.jpg
WIHWWII1940_20240831_0058.jpg,/objects/WIHWWII1940_20240831_0058.jpg,/objects/small/wihwwii1940_20240831_0058_sm.jpg,/objects/thumbs/wihwwii1940_20240831_0058_th.jpg
WIHWWII1940_20240831_0059.png,/objects/WIHWWII1940_20240831_0059.png,/objects/small/wihwwii1940_20240831_0059_sm.jpg,/objects/thumbs/wihwwii1940_20240831_0059_th.jpg
WIHWWII1940_20240831_0060.png,/objects/WIHWWII1940_20240831_0060.png,/objects/small/wihwwii1940_20240831_0060_sm.jpg,/objects/thumbs/wihwwii1940_20240831_0060_th.jpg
WIHWWII1941_20240831_0001.jpg,/objects/WIHWWII1941_20240831_0001.jpg,/objects/small/wihwwii1941_20240831_0001_sm.jpg,/objects/thumbs/wihwwii1941_20240831_0001_th.jpg
WIHWWII1941_20240831_0002.jpg,/objects/WIHWWII1941_20240831_0002.jpg,/objects/small/wihwwii1941_20240831_0002_sm.jpg,/objects/thumbs/wihwwii1941_20240831_0002_th.jpg
WIHWWII1941_20240831_0003.jpg,/objects/WIHWWII1941_20240831_0003.jpg,/objects/small/wihwwii1941_20240831_0003_sm.jpg,/objects/thumbs/wihwwii1941_20240831_0003_th.jpg
WIHWWII1941_20240831_0004.jpg,/objects/WIHWWII1941_20240831_0004.jpg,/objects/small/wihwwii1941_20240831_0004_sm.jpg,/objects/thumbs/wihwwii1941_20240831_0004_th.jpg
WIHWWII1941_20240831_0005.jpg,/objects/WIHWWII1941_20240831_0005.jpg,/objects/small/wihwwii1941_20240831_0005_sm.jpg,/objects/thumbs/wihwwii1941_20240831_0005_th.jpg
WIHWWII1941_20240831_0006.jpg,/objects/WIHWWII1941_20240831_0006.jpg,/objects/small/wihwwii1941_20240831_0006_sm.jpg,/objects/thumbs/wihwwii1941_20240831_0006_th.jpg
WIHWWII1941_20240831_0007.jpg,/objects/WIHWWII1941_20240831_0007.jpg,/objects/small/wihwwii1941_20240831_0007_sm.jpg,/objects/thumbs/wihwwii1941_20240831_0007_th.jpg
WIHWWII1941_20240831_0008.jpg,/objects/WIHWWII1941_20240831_0008.jpg,/objects/small/wihwwii1941_20240831_0008_sm.jpg,/objects/thumbs/wihwwii1941_20240831_0008_th.jpg
WIHWWII1941_20240831_0009.jpg,/objects/WIHWWII1941_20240831_0009.jpg,/objects/small/wihwwii1941_20240831_0009_sm.jpg,/objects/thumbs/wihwwii1941_20240831_0009_th.jpg
WIHWWII1941_20240831_0010.jpg,/objects/WIHWWII1941_20240831_0010.jpg,/objects/small/wihwwii1941_20240831_0010_sm.jpg,/objects/thumbs/wihwwii1941_20240831_0010_th.jpg
WIHWWII1941_20240831_0011.jpg,/objects/WIHWWII1941_20240831_0011.jpg,/objects/small/wihwwii1941_20240831_0011_sm.jpg,/objects/thumbs/wihwwii1941_20240831_0011_th.jpg
WIHWWII1941_20240831_0012.jpg,/objects/WIHWWII1941_20240831_0012.jpg,/objects/small/wihwwii1941_20240831_0012_sm.jpg,/objects/thumbs/wihwwii1941_20240831_0012_th.jpg
WIHWWII1941_20240831_0013.jpg,/objects/WIHWWII1941_20240831_0013.jpg,/objects/small/wihwwii1941_20240831_0013_sm.jpg,/objects/thumbs/wihwwii1941_20240831_0013_th.jpg
WIHWWII1941_20240831_0014.jpg,/objects/WIHWWII1941_20240831_0014.jpg,/objects/small/wihwwii1941_20240831_0014_sm.jpg,/objects/thumbs/wihwwii1941_20240831_0014_th.jpg
WIHWWII1941_20240831_0015.jpg,/objects/WIHWWII1941_20240831_0015.jpg,/objects/small/wihwwii1941_20240831_0015_sm.jpg,/objects/thumbs/wihwwii1941_20240831_0015_th.jpg
WIHWWII1941_20240831_0016.jpg,/objects/WIHWWII1941_20240831_0016.jpg,/objects/small/wihwwii1941_20240831_0016_sm.jpg,/objects/thumbs/wihwwii1941_20240831_0016_th.jpg
WIHWWII1941_20240831_0017.jpg,/objects/WIHWWII1941_20240831_0017.jpg,/objects/small/wihwwii1941_20240831_0017_sm.jpg,/objects/thumbs/wihwwii1941_20240831_0017_th.jpg
WIHWWII1941_20240831_0018.jpg,/objects/WIHWWII1941_20240831_0018.jpg,/objects/small/wihwwii1941_20240831_0018_sm.jpg,/objects/thumbs/wihwwii1941_20240831_0018_th.jpg
WIHWWII1941_20240831_0019.jpg,/objects/WIHWWII1941_20240831_0019.jpg,/objects/small/wihwwii1941_20240831_0019_sm.jpg,/objects/thumbs/wihwwii1941_20240831_0019_th.jpg
WIHWWII1941_20240831_0020.jpg,/objects/WIHWWII1941_20240831_0020.jpg,/objects/small/wihwwii1941_20240831_0020_sm.jpg,/objects/thumbs/wihwwii1941_20240831_0020_th.jpg
WIHWWII1941_20240831_0021.jpg,/objects/WIHWWII1941_20240831_0021.jpg,/objects/small/wihwwii1941_20240831_0021_sm.jpg,/objects/thumbs/wihwwii1941_20240831_0021_th.jpg
WIHWWII1941_20240831_0022.jpg,/objects/WIHWWII1941_20240831_0022.jpg,/objects/small/wihwwii1941_20240831_0022_sm.jpg,/objects/thumbs/wihwwii1941_20240831_0022_th.jpg
WIHWWII1941_20240831_0023.jpg,/objects/WIHWWII1941_20240831_0023.jpg,/objects/small/wihwwii1941_20240831_0023_sm.jpg,/objects/thumbs/wihwwii1941_20240831_0023_th.jpg
WIHWWII1941_20240831_0024.jpg,/objects/WIHWWII1941_20240831_0024.jpg,/objects/small/wihwwii1941_20240831_0024_sm.jpg,/objects/thumbs/wihwwii1941_20240831_0024_th.jpg
WIHWWII1942_20240901_0001.jpg,/objects/WIHWWII1942_20240901_0001.jpg,/objects/small/wihwwii1942_20240901_0001_sm.jpg,/objects/thumbs/wihwwii1942_20240901_0001_th.jpg
WIHWWII1942_20240901_0002.jpg,/objects/WIHWWII1942_20240901_0002.jpg,/objects/small/wihwwii1942_20240901_0002_sm.jpg,/objects/thumbs/wihwwii1942_20240901_0002_th.jpg
WIHWWII1942_20240901_0003.jpg,/objects/WIHWWII1942_20240901_0003.jpg,/objects/small/wihwwii1942_20240901_0003_sm.jpg,/objects/thumbs/wihwwii1942_20240901_0003_th.jpg
WIHWWII1942_20240901_0004.jpg,/objects/WIHWWII1942_20240901_0004.jpg,/objects/small/wihwwii1942_20240901_0004_sm.jpg,/objects/thumbs/wihwwii1942_20240901_0004_th.jpg
WIHWWII1942_20240901_0005.jpg,/objects/WIHWWII1942_20240901_0005.jpg,/objects/small/wihwwii1942_20240901_0005_sm.jpg,/objects/thumbs/wihwwii1942_20240901_0005_th.jpg
WIHWWII1942_20240901_0006.jpg,/objects/WIHWWII1942_20240901_0006.jpg,/objects/small/wihwwii1942_20240901_0006_sm.jpg,/objects/thumbs/wihwwii1942_20240901_0006_th.jpg
WIHWWII1942_20240901_0007.jpg,/objects/WIHWWII1942_20240901_0007.jpg,/objects/small/wihwwii1942_20240901_0007_sm.jpg,/objects/thumbs/wihwwii1942_20240901_0007_th.jpg
WIHWWII1942_20240901_0008.jpg,/objects/WIHWWII1942_20240901_0008.jpg,/objects/small/wihwwii1942_20240901_0008_sm.jpg,/objects/thumbs/wihwwii1942_20240901_0008_th.jpg
WIHWWII1942_20240901_0009.jpg,/objects/WIHWWII1942_20240901_0009.jpg,/objects/small/wihwwii1942_20240901_0009_sm.jpg,/objects/thumbs/wihwwii1942_20240901_0009_th.jpg
WIHWWII1942_20240901_0010.jpg,/objects/WIHWWII1942_20240901_0010.jpg,/objects/small/wihwwii1942_20240901_0010_sm.jpg,/objects/thumbs/wihwwii1942_20240901_0010_th.jpg
WIHWWII1942_20240901_0011.jpg,/objects/WIHWWII1942_20240901_0011.jpg,/objects/small/wihwwii1942_20240901_0011_sm.jpg,/objects/thumbs/wihwwii1942_20240901_0011_th.jpg
WIHWWII1942_20240901_0012.jpg,/objects/WIHWWII1942_20240901_0012.jpg,/objects/small/wihwwii1942_20240901_0012_sm.jpg,/objects/thumbs/wihwwii1942_20240901_0012_th.jpg
WIHWWII1942_20240901_0013.png,/objects/WIHWWII1942_20240901_0013.png,/objects/small/wihwwii1942_20240901_0013_sm.jpg,/objects/thumbs/wihwwii1942_20240901_0013_th.jpg
WIHWWII1942_20240901_0014.png,/objects/WIHWWII1942_20240901_0014.png,/objects/small/wihwwii1942_20240901_0014_sm.jpg,/objects/thumbs/wihwwii1942_20240901_0014_th.jpg
WIHWWII1942_20240901_0015.png,/objects/WIHWWII1942_20240901_0015.png,/objects/small/wihwwii1942_20240901_0015_sm.jpg,/objects/thumbs/wihwwii1942_20240901_0015_th.jpg
WIHWWII1942_20240901_0016.png,/objects/WIHWWII1942_20240901_0016.png,/objects/small/wihwwii1942_20240901_0016_sm.jpg,/objects/thumbs/wihwwii1942_20240901_0016_th.jpg
WIHWWII1943_20240901_0001.jpg,/objects/WIHWWII1943_20240901_0001.jpg,/objects/small/wihwwii1943_20240901_0001_sm.jpg,/objects/thumbs/wihwwii1943_20240901_0001_th.jpg
WIHWWII1943_20240901_0002.jpg,/objects/WIHWWII1943_20240901_0002.jpg,/objects/small/wihwwii1943_20240901_0002_sm.jpg,/objects/thumbs/wihwwii1943_20240901_0002_th.jpg
WIHWWII1943_20240901_0003.jpg,/objects/WIHWWII1943_20240901_0003.jpg,/objects/small/wihwwii1943_20240901_0003_sm.jpg,/objects/thumbs/wihwwii1943_20240901_0003_th.jpg
WIHWWII1943_20240901_0004.jpg,/objects/WIHWWII1943_20240901_0004.jpg,/objects/small/wihwwii1943_20240901_0004_sm.jpg,/objects/thumbs/wihwwii1943_20240901_0004_th.jpg
WIHWWII1943_20240901_0005.jpg,/objects/WIHWWII1943_20240901_0005.jpg,/objects/small/wihwwii1943_20240901_0005_sm.jpg,/objects/thumbs/wihwwii1943_20240901_0005_th.jpg
WIHWWII1943_20240901_0006.jpg,/objects/WIHWWII1943_20240901_0006.jpg,/objects/small/wihwwii1943_20240901_0006_sm.jpg,/objects/thumbs/wihwwii1943_20240901_0006_th.jpg
WIHWWII1943_20240901_0007.pdf,/objects/WIHWWII1943_20240901_0007.pdf,/objects/small/wihwwii1943_20240901_0007_sm.jpg,/objects/thumbs/wihwwii1943_20240901_0007_th.jpg
WIHWWII1943_20240901_0008.jpg,/objects/WIHWWII1943_20240901_0008.jpg,/objects/small/wihwwii1943_20240901_0008_sm.jpg,/objects/thumbs/wihwwii1943_20240901_0008_th.jpg
WIHWWII1943_20240901_0009.jpg,/objects/WIHWWII1943_20240901_0009.jpg,/objects/small/wihwwii1943_20240901_0009_sm.jpg,/objects/thumbs/wihwwii1943_20240901_0009_th.jpg
WIHWWII1943_20240901_0010.jpg,/objects/WIHWWII1943_20240901_0010.jpg,/objects/small/wihwwii1943_20240901_0010_sm.jpg,/objects/thumbs/wihwwii1943_20240901_0010_th.jpg
WIHWWII1943_20240901_0011.png,/objects/WIHWWII1943_20240901_0011.png,/objects/small/wihwwii1943_20240901_0011_sm.jpg,/objects/thumbs/wihwwii1943_20240901_0011_th.jpg
WIHWWII1943_20240901_0012.png,/objects/WIHWWII1943_20240901_0012.png,/objects/small/wihwwii1943_20240901_0012_sm.jpg,/objects/thumbs/wihwwii1943_20240901_0012_th.jpg
WIHWWII1944_20240901_0001.jpg,/objects/WIHWWII1944_20240901_0001.jpg,/objects/small/wihwwii1944_20240901_0001_sm.jpg,/objects/thumbs/wihwwii1944_20240901_0001_th.jpg
WIHWWII1944_20240901_0002.jpg,/objects/WIHWWII1944_20240901_0002.jpg,/objects/small/wihwwii1944_20240901_0002_sm.jpg,/objects/thumbs/wihwwii1944_20240901_0002_th.jpg
WIHWWII1944_20240901_0003.jpg,/objects/WIHWWII1944_20240901_0003.jpg,/objects/small/wihwwii1944_20240901_0003_sm.jpg,/objects/thumbs/wihwwii1944_20240901_0003_th.jpg
WIHWWII1944_20240901_0004.jpg,/objects/WIHWWII1944_20240901_0004.jpg,/objects/small/wihwwii1944_20240901_0004_sm.jpg,/objects/thumbs/wihwwii1944_20240901_0004_th.jpg
WIHWWII1944_20240901_0005.jpg,/objects/WIHWWII1944_20240901_0005.jpg,/objects/small/wihwwii1944_20240901_0005_sm.jpg,/objects/thumbs/wihwwii1944_20240901_0005_th.jpg
WIHWWII1944_20240901_0006.jpg,/objects/WIHWWII1944_20240901_0006.jpg,/objects/small/wihwwii1944_20240901_0006_sm.jpg,/objects/thumbs/wihwwii1944_20240901_0006_th.jpg
WIHWWII1944_20240901_0007.jpg,/objects/WIHWWII1944_20240901_0007.jpg,/objects/small/wihwwii1944_20240901_0007_sm.jpg,/objects/thumbs/wihwwii1944_20240901_0007_th.jpg
WIHWWII1944_20240901_0008.jpg,/objects/WIHWWII1944_20240901_0008.jpg,/objects/small/wihwwii1944_20240901_0008_sm.jpg,/objects/thumbs/wihwwii1944_20240901_0008_th.jpg
WIHWWII1944_20240901_0009.jpg,/objects/WIHWWII1944_20240901_0009.jpg,/objects/small/wihwwii1944_20240901_0009_sm.jpg,/objects/thumbs/wihwwii1944_20240901_0009_th.jpg
WIHWWII1944_20240901_0010.jpg,/objects/WIHWWII1944_20240901_0010.jpg,/objects/small/wihwwii1944_20240901_0010_sm.jpg,/objects/thumbs/wihwwii1944_20240901_0010_th.jpg
WIHWWII1944_20240901_0011.jpg,/objects/WIHWWII1944_20240901_0011.jpg,/objects/small/wihwwii1944_20240901_0011_sm.jpg,/objects/thumbs/wihwwii1944_20240901_0011_th.jpg
WIHWWII1944_20240901_0012.png,/objects/WIHWWII1944_20240901_0012.png,/objects/small/wihwwii1944_20240901_0012_sm.jpg,/objects/thumbs/wihwwii1944_20240901_0012_th.jpg
WIHWWII1944_20240901_0013.png,/objects/WIHWWII1944_20240901_0013.png,/objects/small/wihwwii1944_20240901_0013_sm.jpg,/objects/thumbs/wihwwii1944_20240901_0013_th.jpg
WIHWWII1944_20240901_0014.png,/objects/WIHWWII1944_20240901_0014.png,/objects/small/wihwwii1944_20240901_0014_sm.jpg,/objects/thumbs/wihwwii1944_20240901_0014_th.jpg
WIHWWII1944_20240901_0015.png,/objects/WIHWWII1944_20240901_0015.png,/objects/small/wihwwii1944_20240901_0015_sm.jpg,/objects/thumbs/wihwwii1944_20240901_0015_th.jpg
WIHWWII1944_20240901_0016.png,/objects/WIHWWII1944_20240901_0016.png,/objects/small/wihwwii1944_20240901_0016_sm.jpg,/objects/thumbs/wihwwii1944_20240901_0016_th.jpg
WIHWWII1945_20240901_0001.jpg,/objects/WIHWWII1945_20240901_0001.jpg,/objects/small/wihwwii1945_20240901_0001_sm.jpg,/objects/thumbs/wihwwii1945_20240901_0001_th.jpg
WIHWWII1945_20240901_0002.jpg,/objects/WIHWWII1945_20240901_0002.jpg,/objects/small/wihwwii1945_20240901_0002_sm.jpg,/objects/thumbs/wihwwii1945_20240901_0002_th.jpg
WIHWWII1945_20240901_0003.jpg,/objects/WIHWWII1945_20240901_0003.jpg,/objects/small/wihwwii1945_20240901_0003_sm.jpg,/objects/thumbs/wihwwii1945_20240901_0003_th.jpg
WIHWWII1945_20240901_0004.jpg,/objects/WIHWWII1945_20240901_0004.jpg,/objects/small/wihwwii1945_20240901_0004_sm.jpg,/objects/thumbs/wihwwii1945_20240901_0004_th.jpg
WIHWWII1945_20240901_0005.jpg,/objects/WIHWWII1945_20240901_0005.jpg,/objects/small/wihwwii1945_20240901_0005_sm.jpg,/objects/thumbs/wihwwii1945_20240901_0005_th.jpg
WIHWWII1945_20240901_0006.jpg,/objects/WIHWWII1945_20240901_0006.jpg,/objects/small/wihwwii1945_20240901_0006_sm.jpg,/objects/thumbs/wihwwii1945_20240901_0006_th.jpg
WIHWWII1945_20240901_0007.jpg,/objects/WIHWWII1945_20240901_0007.jpg,/objects/small/wihwwii1945_20240901_0007_sm.jpg,/objects/thumbs/wihwwii1945_20240901_0007_th.jpg
WIHWWII1945_20240901_0008.jpg,/objects/WIHWWII1945_20240901_0008.jpg,/objects/small/wihwwii1945_20240901_0008_sm.jpg,/objects/thumbs/wihwwii1945_20240901_0008_th.jpg
WIHWWII1945_20240901_0009.png,/objects/WIHWWII1945_20240901_0009.png,/objects/small/wihwwii1945_20240901_0009_sm.jpg,/objects/thumbs/wihwwii1945_20240901_0009_th.jpg
WIHWWII1945_20240901_0010.png,/objects/WIHWWII1945_20240901_0010.png,/objects/small/wihwwii1945_20240901_0010_sm.jpg,/objects/thumbs/wihwwii1945_20240901_0010_th.jpg
WIHWWII1945_20240901_0011.jpg,/objects/WIHWWII1945_20240901_0011.jpg,/objects/small/wihwwii1945_20240901_0011_sm.jpg,/objects/thumbs/wihwwii1945_20240901_0011_th.jpg
WIHWWII1945_20240901_0012.png,/objects/WIHWWII1945_20240901_0012.png,/objects/small/wihwwii1945_20240901_0012_sm.jpg,/objects/thumbs/wihwwii1945_20240901_0012_th.jpg
WIHWWII1945_20240901_0013.png,/objects/WIHWWII1945_20240901_0013.png,/objects/small/wihwwii1945_20240901_0013_sm.jpg,/objects/thumbs/wihwwii1945_20240901_0013_th.jpg
WIHWWII1945_20240901_0014.png,/objects/WIHWWII1945_20240901_0014.png,/objects/small/wihwwii1945_20240901_0014_sm.jpg,/objects/thumbs/wihwwii1945_20240901_0014_th.jpg
demo_001.jpg,/objects/demo_001.jpg,/objects/small/demo_001_sm.jpg,/objects/thumbs/demo_001_th.jpg
demo_002.pdf,/objects/demo_002.pdf,/objects/small/demo_002_sm.jpg,/objects/thumbs/demo_002_th.jpg
demo_003.mp3,/objects/demo_003.mp3,,
demo_004.jpg,/objects/demo_004.jpg,/objects/small/demo_004_sm.jpg,/objects/thumbs/demo_004_th.jpg
demo_005.txt,/objects/demo_005.txt,,
demo_012.md,/objects/demo_012.md,,
hells_half_theta.jpg,/objects/hells_half_theta.jpg,/objects/small/hells_half_theta_sm.jpg,/objects/thumbs/hells_half_theta_th.jpg
hughes_article.png,/objects/hughes_article.png,/objects/small/hughes_article_sm.jpg,/objects/thumbs/hughes_article_th.jpg
